Title,Published,Views,Likes,Comments
WOW..ЁЯШНMaster-роХрпНроХрпЗ tough роХрпБроЯрпБрокрпНрокро╛роЩрпНроХ рокрпЛро▓ропрпЗЁЯТе Prabhudeva & Ditya Bhande's Stunning Dance PerformanceЁЯдй,2025-08-07T12:25:04Z,16766,280,0
ропро╛ро░рпБ рокро╛ро╡роорпН роЕроорпНрооро╛ро╡ро╛ роЕрокрпНрокро╛ро╡ро╛...?ЁЯе░ AILA'S CUTE ANSWERЁЯШНтЭдя╕П,2025-08-07T11:40:05Z,2167,32,0
'роХрпИро▓ роХро╛роЪрпБ роЗро░рпБроирпНродро╛ роХро╖рпНроЯрокрпНрокроЯрпБро▒ро╡роЩрпНроХро│рпБроХрпНроХрпБ роХрпБроЯрпБродрпНродрпБро░рпБро╡ро╛ро░рпБ..' ЁЯе║ Saindhavi About Na.Muthukumar ЁЯТХ,2025-08-07T10:35:05Z,13183,304,0
"'America-ро▓ Salem RR Biriyani, роЗродрпБ рокро▓ ро╡ро░рпБро╖ роХройро╡рпБ..' ЁЯШН рооройроорпН роирпЖроХро┐ро┤рпНроирпНрод Owner Tamilselvan ЁЯТе",2025-08-07T08:20:04Z,6576,66,0
рокрпКрогрпНрогро╛ рокрпИропройро╛ родрпЖро░ро┐ропро▓... Dance-ро▓ Vera Level! ЁЯШН Prabhu Deva,2025-08-07T08:02:15Z,48115,1510,1
"""роиро╛ройрпБроорпН Suriya-роорпН роЪрпЗро░рпНроирпНродрпБ роироЯро┐роЪрпНроЪ рокроЯроЩрпНроХро│рпИ роОройрпН рокроЪроЩрпНроХ рокро╛родрпНродродрпБ роЗро▓рпНро▓"" ЁЯШ▒ 1st Reveal рокрогрпНрог Jyothika",2025-08-07T07:51:05Z,27657,303,1
"""роЪрпКро▓рпНро▓рпБ Darling..."" ЁЯдг Vishal-ройрпН Prank Call to Arya тАУ FULL FUN!ЁЯФеЁЯдй",2025-08-07T07:40:20Z,50308,1505,1
SSI-роР роХрпКройрпНро▒ Accused 24 роорогро┐ роирпЗро░родрпНродро┐ро▓рпН Encounter ЁЯЩП роЕродро┐ро░роЯро┐ роХро╛роЯрпНроЯро┐роп Police,2025-08-07T07:00:04Z,48145,764,12
WOW! ЁЯШН Diya & Dev Then vs Now тЭдя╕ПроОрокрпНрокроЯро┐ ро╡ро│роирпНродрпБроЯрпНроЯро╛роЩрпНроХ,2025-08-07T06:50:04Z,50780,3380,6
12 роЕроЯро┐ропро┐ро▓рпН рокроЯроорпН роОроЯрпБродрпНрод роХро░рпБрокрпНрокрпБ роОрооройрпН ЁЯШ▒ родро┐рогро▒ро┐ рокрпЛрой рокро╛роорпНрокрпБ рокрпБроЯро┐ ро╡рпАро░ро░рпН,2025-08-07T06:15:44Z,38518,280,2
"""Suriya-роХрпНроХрпБ роиро╛ройрпН роЪроирпНродрпЛро╖рооро╛ роЗро░рпБроХрпНроХрогрпБроорпН,рокроЪроЩрпНроХро│рпБроХрпНроХрпБ роиро▓рпНро▓родрпБ роироЯроХрпНроХрогрпБроорпНройрпБ роирпЖройрпИрокрпНрокро╛ро░рпБ"" ЁЯШН Jyothika",2025-08-07T05:40:11Z,196981,3297,7
GV роЗроЪрпИропро┐ро▓рпН Saindhavi-ропро┐ройрпН роХрпБро░ро▓рпИ роХрпЗроЯрпНроЯродрпБроорпН роТро░рпБ Sec Freeze роорпКродрпНрод роЕро░роЩрпНроХроорпН ЁЯШН,2025-08-07T05:05:52Z,165246,3680,10
"""роорпБро│рпНро│рпБ ро╡рпЗро▓ро┐роХрпНроХрпБро│рпНро│ роиро┐ройрпНройрпБ Meena рокрпБроЯро╡рпИ рооро╛родрпНродро┐роХрпНроХро┐роЯрпНроЯро╛роЩрпНроХ"" ЁЯЩП Reveal рокрогрпНрог Cheran | Throwback",2025-08-07T04:50:22Z,51514,861,4
Na.Muthukumar-роХро╛роХ рокро╛роЯрпНроЯрпБ рокро╛роЯро┐роп Saindhavi ЁЯШН роЕро╡ро░рпБроХрпНроХро╛роХ родро╛ройрпН роЗроирпНрод Line,2025-08-07T04:25:05Z,91812,2346,4
4 ро╡ро░ро┐ рокро╛роЯрпБроЩрпНроХ GV ЁЯШН роЖройро╛ Saindhavi рокро╛роЯро┐ропродрпБроорпН Vibe-ропро┐ро▓рпН роорпВро┤рпНроХро┐роп роЕро░роЩрпНроХроорпН,2025-08-07T04:05:41Z,991756,28743,41
30 роХрпБрогрпНроЯрпБроХро│рпН роорпБро┤роЩрпНроХ роиро▓рпНро▓роЯроХрпНроХроорпН роЪрпЖропрпНроп рокроЯрпНроЯ SSI-ропро┐ройрпН роЙроЯро▓рпН ЁЯШн роХродро▒ро┐ роЕро┤рпБрод рооройрпИро╡ро┐,2025-08-07T03:30:27Z,89582,1178,9
'ро╡ро╛ро┤ ро╡рпЗрогрпНроЯро┐роп рокрпКрогрпНрогрпБ Sir' ЁЯТФ роорпАрогрпНроЯрпБроорпН ро╡ро░родроЯрпНроЪрогрпИ роХрпКроЯрпБроорпИропро╛ро▓рпН роироЯроирпНрод роЪрпЛроХроорпН,2025-08-07T03:12:49Z,366342,4407,109
'рокро╛рокрпНрокро╛роХрпНроХрпБ роОройрпНрой роЖроЪрпНроЪрпБ..'ЁЯШ▒ роХрпБроЯрпНроЯро┐ родрпЗро╡родрпИропрпИ рокро╛родрпНродрпБроХрпНроХро┐роЯрпНроЯ VJS ЁЯе░ Thalaivan Thalaivii BTS,2025-08-07T02:35:05Z,9206,159,1
'Rich People Never get Influenced..'ЁЯФе Gopinath Inspirational Speech..ЁЯдй,2025-08-06T21:00:04Z,1228,22,0
'Dhanoosh-роХрпНроХрпБ America роорпБро▒рпИрокрпНрокроЯро┐ родро┐ро░рпБроорпНрок роХро▓рпНропро╛рогроорпН..' ЁЯШН Cute Nepolean Family,2025-08-06T17:15:08Z,446534,3299,46
"""Thalapathy роЗро▓рпНро▓..роОроЩрпНроХ роЕрогрпНрогройрпН роЕро╡ро░рпБ..""ЁЯе║ роЙрогро░рпНроЪрпНроЪро┐ рокрпКроЩрпНроХ рокрпЗроЪро┐роп родрпВропрпНроорпИ рокрогро┐ропро╛ро│ро░рпНроХро│рпН ЁЯЩПЁЯП╝",2025-08-06T17:05:08Z,6235,44,0
'роЕро╡рой ро╡ро┐роЯро╛род..роУроЯрпБро▒ро╛ройрпН рокро╛ро░рпБ..' ЁЯШб родро┐ро░рпБроЯрпНроЯрпБ Scene Climax-ро▓рпН роЙроЪрпНроЪроХроЯрпНроЯ Twist ЁЯШ▒,2025-08-06T16:45:04Z,10770,60,0
"ЁЯТероЕро░роЩрпНроХроорпН роЕродро┐ро░ Whistleuu рокро▒роХрпНроХ GVP, Saindhavi роХроЪрпНроЪрпЗро░ро┐ ЁЯШН Vera Level Vibe",2025-08-06T16:35:06Z,59819,968,5
'Saindhavi роЕродро┐роХроорпН роЪрпКро▓рпНро▓рпБро▒ рокрпЗро░рпБ Na.Muthukumar-родро╛ройрпН..' ЁЯе░  Cute Replies,2025-08-06T15:45:04Z,186367,3301,4
'роОройрпН роЪрпЖро▓рпНро▓родрпНродрпБроХрпНроХрпБ роОройрпНрой роЖроЪрпНроЪрпБ..'ЁЯШ▒ Cute родрпЗро╡родрпИропрпИ рокро╛родрпНродрпБроХрпНроХро┐роЯрпНроЯ VJS ЁЯе░ Thalaivan Thalaivii BTS,2025-08-06T15:35:05Z,1781,36,1
'PLS роОройрпНройрпИ роХро╛рокрпНрокро╛родрпНродрпБроЩрпНроХ..' рокрпЛро▓рпАроЪрпБроХрпНроХрпЗ роЯрпНро╡ро┐ро╕рпНроЯрпН роХрпКроЯрпБродрпНрод роирокро░рпН!,2025-08-06T14:15:12Z,1074080,14122,120
'NA. Muthu ро╡рпЖро│ро┐родрпНродрпЖро░ро┐ропро╛рооро▓рпН роЪрпЖропрпНрод роЙродро╡ро┐' роирогрпНрокройро┐ройрпН ропро╛ро░рпБроорпН роЕро▒ро┐ропро╛ рокроХрпНроХроорпН - роХро▓роЩрпНроХро┐┬арокрпЗроЪро┐роп┬аSeeman,2025-08-06T13:43:51Z,12313,376,16
роЯроХрпНроХрпБройрпНройрпБ ро╡роирпНродрпБ Surprise роХрпБроЯрпБродрпНрод SingerЁЯО╢ЁЯе░роОро▓рпНро▓ро╛ро░рпБроорпН SHOCK роЖроХро┐роЯрпНроЯро╛роЩрпНроХ ЁЯШ▓ЁЯФе,2025-08-06T13:05:05Z,262774,5947,5
'роОройрпН рокрпИропройрпН роЬрпЖропро┐роЪрпНроЪрпБроЯрпНроЯро╛ройрпН' ЁЯШН роороХройрпН Award ро╡ро╛роЩрпНроХрпБро▒родрпБ рокро╛родрпНродрпБ Video роОроЯрпБродрпНрод MS Bhaskar | Throwback,2025-08-06T13:00:05Z,1962,62,1
'роЗроирпНрод роХрпБроЯрпБроорпНрокродрпНродрпБ роорпЗро▓ роПройрпН роЗро╡рпНро│рпЛ ро╡ройрпНроороорпН?' ЁЯФе роирпЖродрпНродро┐ропроЯро┐ рокродро┐ро▓рпН роЪрпКройрпНрой роЖроЪро┐ро░ро┐ропро░рпН,2025-08-06T12:35:17Z,9091,118,1
тЪброоройрпБро╖ройрпН Full Vibe-ро▓ роЗро▒роЩрпНроХро┐ роХро┐ро▒роЩрпНроХроЯро┐роЪрпНроЪрпБроЯрпНроЯро╛ро░рпБ  ЁЯеБ Siddharth Beautiful Live Singing,2025-08-06T12:25:05Z,20856,384,0
'Sarathkumar Heroines роХрпВроЯ Romance рокрогрпНро▒род рокро╛ро░рпНродрпНродро╛ ро╡ропро┐ро▒рпБ роОро░ро┐ропродро╛ройрпН роЪрпЖропрпНропрпБродрпБ' ЁЯдг KSR,2025-08-06T12:20:07Z,1423,16,0
"родрпКроЯрпНроЯрпБ ро╡ро╛роЩрпНроХ,ро╡ро╛роЩрпНроХ роХро▓роЩрпНроХро┐роп Suriya ЁЯе║ роЕро░роЩрпНроХроорпЗ роЕродро┐ро░рпНроирпНрод Moment",2025-08-06T11:48:42Z,4003,80,0
'родрпИро░ро┐ропрооро╛ роЗро░рпБроЩрпНроХ родроорпНрокро┐..роиро╛роЩрпНроХ роЗро░рпБроХрпНроХрпЛроорпН' ЁЯЩП  роирпЗро░ро┐ро▓рпН ро╡роирпНродрпБ роЖро▒рпБродро▓рпН роЪрпКройрпНрой MLA,2025-08-06T11:35:05Z,54438,516,0
GOVT ро╡рпЗро▓ родрпЗро╡рпИ роЗро▓рпНро▓ЁЯШ▒ роОройрпН рокрпИропройрпБроХрпНроХрпБ роирпАродро┐ ро╡рпЗрогрпБроорпН ЁЯТФроЪроЯрпНроЯрпБройрпБ рооро╛ро▒ро┐роп Kavin роЕрокрпНрокро╛ роорпБроХроорпН,2025-08-06T11:25:04Z,54793,1036,6
'роЗроЩрпНроХ ро╡роирпНродрпБ рокро╛ро░рпБроЩрпНроХро│рпЗройрпНЁЯШн' роорпБродро▓рпН роЗро░ро╡рпБроХрпНроХрпБ роХро╛родрпНродро┐ро░рпБроирпНрод роХрогро╡ро░рпБроХрпНроХрпБ Shock!,2025-08-06T11:05:25Z,300900,1892,2
"""роиро╛ройрпБроорпН Saindhavi-ропрпБроорпН Concert-ро▓ роЪрпЗро░рпНроирпНродрпБ Perform рокрогрпНрогрпБро╡рпЛроорпН..""ЁЯО╢ЁЯе░ GV Prakash",2025-08-06T10:40:04Z,28244,530,1
"""рооро╛рооро╛ Photo рокро╛родрпНрод роЕрокрпНрокрпБро▒роорпН роЕро┤рпБроХ роХрпВроЯро╛родрпБройрпБ роЗро░рпБроирпНродрпЗройрпН"" ЁЯШн роорпЗроЯрпИропро┐ро▓рпН роХродро▒ро┐ роЕро┤рпБрод Pugazh | Throwback",2025-08-06T10:30:13Z,24404,409,2
'роОройрпНройроЯро╛ роорпБроЯро┐ ро╡рпЖроЯрпНроЯро╛роо родро┐ро░ро┐роЮрпНроЪрпБроЯрпНроЯрпБ роЗро░рпБроХрпНроХро╛?' ЁЯдг Pugazh-роЕ родро┐роЯрпНроЯро┐роп Nakkalites Dhanam | Throwback,2025-08-06T10:20:05Z,488165,8448,6
'Dhanoosh-роЕ роХрогрпНрогрпБроорпН роХро░рпБродрпНродрпБрооро╛ рокро╛родрпНродрпБроХрпНроХ роЗрокрпНрокрпЛ рооро░рпБроороХро│рпН роЗро░рпБроХрпНроХро╛роЩрпНроХ..' ЁЯе░ Nepolean Throwback,2025-08-06T10:10:20Z,336639,2746,5
роХро╛родро▓ро┐роХрпНроХрпБ родро╛ро▓ро┐ роХроЯрпНроЯро┐роп 60 роиро┐рооро┐роЯродрпНродро┐ро▓рпН роироЯроирпНрод ро╡ро┐ро╖ропроорпН ЁЯШ▓ 'роЗройро┐роорпЗ роирпА родро╛ройрпН роОройрпН роЙро▓роХроорпН',2025-08-06T09:55:04Z,16428,104,1
'роЙропро┐ро░ро┐ро┤роирпНрод Police-роХрпНроХрпБ 1 роХрпЛроЯро┐..'ЁЯШвроХроЯроорпИропрпИ роЪрпЖропрпНроп ро╡роирпНрод роХро╛ро╡ро▓ро░рпБроХрпНроХрпБ роЗрокрпНрокроЯро┐ропро╛!,2025-08-06T09:45:04Z,391859,3005,21
"Diya,роЕроЪрпНроЪрпБ роЕроЪро▓ро╛ Jyothika рооро╛родро┐ро░ро┐ роЙро░рпБроЪрпНроЪрпБ ро╡роЪрпНроЪрпБро░рпБроХрпНроХро╛роЩрпНроХ ЁЯШН Cute Video",2025-08-06T09:30:12Z,25195,342,0
'Saindhavi рокро╛роЯ роЪрпКро▓рпНро▓рпБроЩрпНроХ..'ЁЯе░роорпЗроЯрпИропро┐ро▓рпН роироЯроирпНрод роЪрпБро╡ро╛ро░ро╕рпНропроорпНЁЯО╢ЁЯФе,2025-08-06T09:12:03Z,659684,17358,45
ро╡ро┐роЪро╛ро░ро┐роХрпНроХ рокрпЛрой роХро╛ро╡ро▓ро░рпН роХрпКро▓рпИ! роКро░рпИропрпЗ рокродро▒ро╡рпИродрпНрод роЪроорпНрокро╡роорпН!,2025-08-06T08:50:21Z,20943,188,1
родро┐роЯрпАро░рпНройрпБ Saindhavi роХрпБроЯрпБродрпНрод REACTION..ЁЯе░ роЯроХрпНроХрпБройрпБ родро┐ро░рпБроорпНрокро┐роп GV..! тЭдя╕ПCute Moments!ЁЯШН,2025-08-06T07:00:06Z,889032,18324,20
"""роХро╡ро┐ройрпН роЙроЯроорпНрокрпБро▓ 40 ро╡рпЖроЯрпНроЯрпБ роХро╛ропроорпН роЗро░рпБроХрпНроХрпБ"" ЁЯТФ рооройроорпН роирпКроирпНродрпБ рокрпЗроЪро┐роп роХро╡ро┐ройрпН роЙро▒ро╡ро┐ройро░рпНроХро│рпН",2025-08-06T06:20:10Z,189237,1743,13
Saindhavi Live Singing ЁЯШН роЗро╡роЩрпНроХ рокро╛роЯрпБро▒родрпБ роХрпЗроХрпНроХрпБро▒рокрпНрокрпЛ рооройроЪрпБ ро▓рпЗроЪро╛роХрпБродрпБ,2025-08-06T06:05:05Z,316618,8517,13
"Sivaangi Live Singing Video ЁЯШН роЪро┐ро░ро┐роЪрпНроЪрпБ,роЪро┐ро░ро┐роЪрпНроЪрпБ рокро╛роЯрпНроЯрпБ рокро╛роЯро┐ Vibe рокрогрпНро▒ро╛роЩрпНроХ | Throwback",2025-08-06T05:10:05Z,11148,185,1
Andrea родроирпНрод родро┐роЯрпАро░рпН Entry ЁЯШ▓ родро┐ро░рпБроорпНрокро┐ рокро╛родрпНродрпБ Shock роЖрой GV Prakash,2025-08-06T04:30:03Z,71997,1927,2
